bitLength,LB,UB,xn
7,0,5,2.9921259842519685
7,0,5,1.968503937007874
