bitLength,LB,UB,xn
7,0,5,3.031496062992126
7,0,5,2.047244094488189
