bitLength,LB,UB,xn
9,0,5,2.9158512720156553
9,0,5,2.045009784735812
