bitLength,LB,UB,xn
9,0,5,2.984344422700587
9,0,5,1.9765166340508804
