bitLength,LB,UB,xn
9,0,5,3.0332681017612524
9,0,5,2.0254403131115457
