bitLength,LB,UB,xn
9,0,5,3.003913894324853
9,0,5,1.9863013698630136
