bitLength,LB,UB,xn
9,0,5,2.974559686888454
9,0,5,2.015655577299413
