bitLength,LB,UB,xn
9,0,5,3.0626223091976517
9,0,5,2.045009784735812
