bitLength,LB,UB,xn
5,0,5,3.064516129032258
5,0,5,1.935483870967742
