bitLength,LB,UB,xn
9,0,5,3.003913894324853
9,0,5,2.015655577299413
