bitLength,LB,UB,xn
9,0,5,2.99412915851272
9,0,5,2.015655577299413
