bitLength,LB,UB,xn
9,0,5,3.0821917808219177
9,0,5,1.8884540117416828
