bitLength,LB,UB,xn
9,0,5,2.954990215264188
9,0,5,2.015655577299413
