bitLength,LB,UB,xn
7,0,5,2.952755905511811
7,0,5,1.8503937007874016
