bitLength,LB,UB,xn
7,0,5,3.031496062992126
7,0,5,1.968503937007874
