bitLength,LB,UB,xn
7,0,5,2.952755905511811
7,0,5,2.0866141732283463
