bitLength,LB,UB,xn
9,0,5,3.013698630136986
9,0,5,2.035225048923679
