bitLength,LB,UB,xn
9,0,5,2.9647749510763206
9,0,5,2.035225048923679
