bitLength,LB,UB,xn
5,0,5,2.903225806451613
5,0,5,2.096774193548387
