bitLength,LB,UB,xn
9,0,5,2.9256360078277885
9,0,5,2.045009784735812
