bitLength,LB,UB,xn
9,0,5,3.023483365949119
9,0,5,1.9863013698630136
