bitLength,LB,UB,xn
7,0,5,2.9921259842519685
7,0,5,2.047244094488189
