bitLength,LB,UB,xn
9,0,5,2.974559686888454
9,0,5,1.9863013698630136
