bitLength,LB,UB,xn
7,0,5,3.1102362204724407
7,0,5,1.968503937007874
