bitLength,LB,UB,xn
9,0,5,2.9452054794520546
9,0,5,2.0254403131115457
