bitLength,LB,UB,xn
7,0,5,2.9133858267716537
7,0,5,2.0078740157480315
